{
    "mean_reciprocal_rank": 0.45397209150753987,
    "mean_average_precision": 0.45397209150753987
}