{
    "total_number_of_documents": 2071,
    "total_avarage_query_length": 7.578314939557505,
    "total_avarage_text_length": 353.4956120806634
}