{
    "mean_reciprocal_rank": 0.7191339483533462,
    "mean_average_precision": 0.7191339483533462
}